1/S010_1_1.png,1
1/S010_2_1.png,1
1/S010_3_1.png,1
1/S011_4_1.png,1
1/S011_5_1.png,1
1/S011_6_1.png,1
1/S014_10_1.png,1
1/S014_8_1.png,1
1/S014_9_1.png,1
1/S022_14_1.png,1
1/S022_15_1.png,1
1/S022_16_1.png,1
1/S026_17_1.png,1
1/S026_18_1.png,1
1/S026_19_1.png,1
1/S032_20_1.png,1
1/S032_21_1.png,1
1/S032_22_1.png,1
1/S034_23_1.png,1
1/S034_24_1.png,1
1/S034_25_1.png,1
1/S035_26_1.png,1
1/S035_27_1.png,1
1/S035_28_1.png,1
1/S037_29_1.png,1
1/S037_30_1.png,1
1/S037_31_1.png,1
1/S044_32_1.png,1
1/S044_33_1.png,1
1/S044_34_1.png,1
1/S045_35_1.png,1
1/S045_36_1.png,1
1/S045_37_1.png,1
1/S046_38_1.png,1
1/S046_39_1.png,1
1/S046_40_1.png,1
1/S046_41_1.png,1
1/S046_42_1.png,1
1/S050_43_1.png,1
1/S050_44_1.png,1
1/S050_45_1.png,1
1/S052_46_1.png,1
1/S052_47_1.png,1
1/S052_48_1.png,1
1/S052_49_1.png,1
1/S053_50_1.png,1
1/S053_51_1.png,1
1/S053_52_1.png,1
1/S055_53_1.png,1
1/S055_54_1.png,1
1/S055_55_1.png,1
1/S058_56_1.png,1
1/S058_57_1.png,1
1/S058_58_1.png,1
1/S060_59_1.png,1
1/S060_60_1.png,1
1/S060_61_1.png,1
1/S061_62_1.png,1
1/S061_63_1.png,1
1/S061_64_1.png,1
1/S063_65_1.png,1
1/S063_66_1.png,1
1/S063_67_1.png,1
1/S064_68_1.png,1
1/S064_69_1.png,1
1/S064_70_1.png,1
1/S064_71_1.png,1
1/S065_72_1.png,1
1/S066_73_1.png,1
1/S067_74_1.png,1
1/S068_75_1.png,1
1/S069_76_1.png,1
1/S071_77_1.png,1
1/S072_78_1.png,1
1/S073_79_1.png,1
1/S074_80_1.png,1
1/S075_81_1.png,1
1/S076_82_1.png,1
1/S077_83_1.png,1
1/S078_84_1.png,1
1/S079_85_1.png,1
1/S080_86_1.png,1
1/S081_87_1.png,1
1/S081_88_1.png,1
1/S081_89_1.png,1
1/S083_90_1.png,1
1/S083_91_1.png,1
1/S083_92_1.png,1
1/S085_93_1.png,1
1/S085_94_1.png,1
1/S085_95_1.png,1
1/S086_96_1.png,1
1/S086_97_1.png,1
1/S086_98_1.png,1
1/S087_100_1.png,1
1/S087_101_1.png,1
1/S087_99_1.png,1
1/S089_102_1.png,1
1/S089_103_1.png,1
1/S091_104_1.png,1
1/S091_105_1.png,1
1/S091_106_1.png,1
1/S092_107_1.png,1
1/S092_108_1.png,1
1/S094_109_1.png,1
1/S095_110_1.png,1
1/S096_111_1.png,1
1/S097_112_1.png,1
1/S097_113_1.png,1
1/S098_114_1.png,1
1/S098_115_1.png,1
1/S099_116_1.png,1
1/S099_117_1.png,1
1/S100_118_1.png,1
1/S100_119_1.png,1
1/S101_120_1.png,1
1/S101_121_1.png,1
1/S102_122_1.png,1
1/S102_123_1.png,1
1/S103_124_1.png,1
1/S104_125_1.png,1
1/S104_126_1.png,1
1/S105_127_1.png,1
1/S105_128_1.png,1
1/S105_129_1.png,1
1/S106_130_1.png,1
1/S106_131_1.png,1
1/S106_132_1.png,1
1/S106_133_1.png,1
1/S107_134_1.png,1
1/S107_135_1.png,1
1/S108_136_1.png,1
1/S108_137_1.png,1
1/S109_138_1.png,1
1/S109_139_1.png,1
1/S109_140_1.png,1
1/S110_141_1.png,1
1/S110_142_1.png,1
1/S111_143_1.png,1
1/S111_144_1.png,1
1/S112_145_1.png,1
1/S112_146_1.png,1
1/S114_147_1.png,1
1/S114_148_1.png,1
1/S114_149_1.png,1
1/S114_150_1.png,1
1/S115_151_1.png,1
1/S115_152_1.png,1
1/S115_153_1.png,1
1/S116_154_1.png,1
1/S116_155_1.png,1
1/S116_156_1.png,1
1/S117_157_1.png,1
1/S118_158_1.png,1
1/S119_159_1.png,1
1/S119_160_1.png,1
1/S121_161_1.png,1
1/S124_162_1.png,1
1/S124_163_1.png,1
1/S124_164_1.png,1
1/S124_165_1.png,1
1/S125_166_1.png,1
1/S125_167_1.png,1
1/S125_168_1.png,1
1/S127_169_1.png,1
1/S130_170_1.png,1
1/S131_171_1.png,1
1/S131_172_1.png,1
1/S132_173_1.png,1
1/S132_174_1.png,1
1/S132_175_1.png,1
1/S133_176_1.png,1
1/S134_177_1.png,1
1/S134_178_1.png,1
1/S135_179_1.png,1
1/S135_180_1.png,1
1/S136_181_1.png,1
1/S136_182_1.png,1
1/S138_183_1.png,1
1/S138_184_1.png,1
1/S138_185_1.png,1
2/S010_1_2.png,2
2/S010_2_2.png,2
2/S010_3_2.png,2
2/S011_4_2.png,2
2/S011_5_2.png,2
2/S011_6_2.png,2
2/S014_7_2.png,2
2/S014_8_2.png,2
2/S014_9_2.png,2
2/S022_10_2.png,2
2/S022_11_2.png,2
2/S022_12_2.png,2
2/S032_13_2.png,2
2/S032_14_2.png,2
2/S032_15_2.png,2
2/S034_16_2.png,2
2/S034_17_2.png,2
2/S034_18_2.png,2
2/S037_19_2.png,2
2/S037_20_2.png,2
2/S037_21_2.png,2
2/S042_22_2.png,2
2/S042_23_2.png,2
2/S044_25_2.png,2
2/S044_26_2.png,2
2/S044_27_2.png,2
2/S046_28_2.png,2
2/S046_29_2.png,2
2/S046_30_2.png,2
2/S050_31_2.png,2
2/S050_32_2.png,2
2/S050_33_2.png,2
2/S052_34_2.png,2
2/S052_35_2.png,2
2/S052_36_2.png,2
2/S052_37_2.png,2
2/S053_38_2.png,2
2/S053_39_2.png,2
2/S053_40_2.png,2
2/S053_41_2.png,2
2/S055_42_2.png,2
2/S055_43_2.png,2
2/S055_44_2.png,2
2/S056_45_2.png,2
2/S056_46_2.png,2
2/S056_47_2.png,2
2/S057_48_2.png,2
2/S057_49_2.png,2
2/S057_50_2.png,2
2/S057_51_2.png,2
2/S057_52_2.png,2
2/S057_53_2.png,2
2/S057_54_2.png,2
2/S058_55_2.png,2
2/S058_56_2.png,2
2/S058_57_2.png,2
2/S060_58_2.png,2
2/S060_59_2.png,2
2/S060_60_2.png,2
2/S060_61_2.png,2
2/S065_62_2.png,2
2/S065_63_2.png,2
2/S065_64_2.png,2
2/S065_65_2.png,2
2/S068_66_2.png,2
2/S068_67_2.png,2
2/S068_68_2.png,2
2/S069_69_2.png,2
2/S069_70_2.png,2
2/S069_71_2.png,2
2/S069_72_2.png,2
2/S071_73_2.png,2
2/S072_74_2.png,2
2/S073_75_2.png,2
2/S075_76_2.png,2
2/S076_77_2.png,2
2/S077_78_2.png,2
2/S078_79_2.png,2
2/S081_80_2.png,2
2/S081_81_2.png,2
2/S081_82_2.png,2
2/S082_83_2.png,2
2/S082_84_2.png,2
2/S082_85_2.png,2
2/S087_86_2.png,2
2/S087_87_2.png,2
2/S087_88_2.png,2
2/S093_89_2.png,2
2/S093_90_2.png,2
2/S093_91_2.png,2
2/S098_92_2.png,2
2/S098_93_2.png,2
2/S098_94_2.png,2
2/S100_95_2.png,2
2/S100_96_2.png,2
2/S102_97_2.png,2
2/S102_98_2.png,2
2/S105_100_2.png,2
2/S105_101_2.png,2
2/S105_99_2.png,2
2/S106_102_2.png,2
2/S106_103_2.png,2
2/S107_104_2.png,2
2/S107_105_2.png,2
2/S108_106_2.png,2
2/S108_107_2.png,2
2/S108_108_2.png,2
2/S108_109_2.png,2
2/S113_110_2.png,2
2/S113_111_2.png,2
2/S113_112_2.png,2
2/S113_113_2.png,2
2/S114_114_2.png,2
2/S114_115_2.png,2
2/S114_116_2.png,2
2/S115_117_2.png,2
2/S115_118_2.png,2
2/S115_119_2.png,2
2/S115_120_2.png,2
2/S117_121_2.png,2
2/S117_122_2.png,2
2/S117_123_2.png,2
2/S117_124_2.png,2
2/S120_125_2.png,2
2/S120_126_2.png,2
2/S120_127_2.png,2
2/S122_128_2.png,2
2/S122_129_2.png,2
2/S122_130_2.png,2
2/S124_131_2.png,2
2/S124_132_2.png,2
2/S124_133_2.png,2
2/S125_134_2.png,2
2/S125_135_2.png,2
2/S125_136_2.png,2
2/S130_137_2.png,2
2/S130_138_2.png,2
2/S130_139_2.png,2
2/S131_140_2.png,2
2/S131_141_2.png,2
2/S131_142_2.png,2
2/S131_143_2.png,2
2/S132_144_2.png,2
2/S132_145_2.png,2
2/S132_146_2.png,2
2/S133_147_2.png,2
2/S136_148_2.png,2
2/S136_149_2.png,2
3/S010_1_3.png,3
3/S010_2_3.png,3
3/S010_3_3.png,3
3/S011_4_3.png,3
3/S011_5_3.png,3
3/S011_6_3.png,3
3/S014_7_3.png,3
3/S014_8_3.png,3
3/S014_9_3.png,3
3/S022_10_3.png,3
3/S022_11_3.png,3
3/S022_12_3.png,3
3/S026_13_3.png,3
3/S026_14_3.png,3
3/S026_15_3.png,3
3/S032_16_3.png,3
3/S032_17_3.png,3
3/S032_18_3.png,3
3/S034_19_3.png,3
3/S034_20_3.png,3
3/S034_21_3.png,3
3/S035_22_3.png,3
3/S035_23_3.png,3
3/S035_24_3.png,3
3/S037_25_3.png,3
3/S037_26_3.png,3
3/S037_27_3.png,3
3/S042_28_3.png,3
3/S042_29_3.png,3
3/S042_30_3.png,3
3/S044_31_3.png,3
3/S044_32_3.png,3
3/S044_33_3.png,3
3/S045_34_3.png,3
3/S045_35_3.png,3
3/S045_36_3.png,3
3/S050_37_3.png,3
3/S050_38_3.png,3
3/S050_39_3.png,3
3/S052_40_3.png,3
3/S052_41_3.png,3
3/S052_42_3.png,3
3/S055_43_3.png,3
3/S055_44_3.png,3
3/S055_45_3.png,3
3/S055_46_3.png,3
3/S057_47_3.png,3
3/S057_48_3.png,3
3/S057_49_3.png,3
3/S064_50_3.png,3
3/S064_51_3.png,3
3/S064_52_3.png,3
3/S067_53_3.png,3
3/S067_54_3.png,3
3/S067_55_3.png,3
3/S069_56_3.png,3
3/S069_57_3.png,3
3/S069_58_3.png,3
3/S069_59_3.png,3
3/S071_60_3.png,3
3/S072_61_3.png,3
3/S077_62_3.png,3
3/S078_63_3.png,3
3/S082_64_3.png,3
3/S082_65_3.png,3
3/S082_66_3.png,3
3/S089_67_3.png,3
3/S089_68_3.png,3
3/S089_69_3.png,3
3/S092_70_3.png,3
3/S092_71_3.png,3
3/S092_72_3.png,3
3/S100_73_3.png,3
3/S100_74_3.png,3
3/S100_75_3.png,3
3/S106_76_3.png,3
3/S106_77_3.png,3
3/S106_78_3.png,3
3/S108_79_3.png,3
3/S108_80_3.png,3
3/S108_81_3.png,3
3/S109_82_3.png,3
3/S109_83_3.png,3
3/S111_84_3.png,3
3/S111_85_3.png,3
3/S111_86_3.png,3
3/S112_87_3.png,3
3/S112_88_3.png,3
3/S113_89_3.png,3
3/S113_90_3.png,3
3/S113_91_3.png,3
3/S116_92_3.png,3
3/S116_93_3.png,3
3/S117_94_3.png,3
3/S117_95_3.png,3
3/S117_96_3.png,3
3/S119_97_3.png,3
3/S119_98_3.png,3
3/S119_99_3.png,3
3/S130_100_3.png,3
3/S130_101_3.png,3
3/S130_102_3.png,3
3/S133_103_3.png,3
3/S133_104_3.png,3
3/S133_105_3.png,3
3/S134_106_3.png,3
3/S134_107_3.png,3
3/S134_108_3.png,3
3/S136_109_3.png,3
3/S136_110_3.png,3
3/S136_111_3.png,3
4/S010_1_4.png,4
4/S010_2_4.png,4
4/S010_3_4.png,4
4/S011_4_4.png,4
4/S011_5_4.png,4
4/S011_6_4.png,4
4/S022_7_4.png,4
4/S022_8_4.png,4
4/S022_9_4.png,4
4/S026_10_4.png,4
4/S026_11_4.png,4
4/S026_12_4.png,4
4/S037_13_4.png,4
4/S037_14_4.png,4
4/S037_15_4.png,4
4/S042_16_4.png,4
4/S042_17_4.png,4
4/S042_18_4.png,4
4/S044_19_4.png,4
4/S044_20_4.png,4
4/S044_21_4.png,4
4/S046_22_4.png,4
4/S046_23_4.png,4
4/S046_24_4.png,4
4/S050_25_4.png,4
4/S050_26_4.png,4
4/S050_27_4.png,4
4/S050_28_4.png,4
4/S059_29_4.png,4
4/S059_30_4.png,4
4/S059_31_4.png,4
4/S059_32_4.png,4
4/S059_33_4.png,4
4/S065_34_4.png,4
4/S065_35_4.png,4
4/S065_36_4.png,4
4/S065_37_4.png,4
4/S065_38_4.png,4
4/S066_39_4.png,4
4/S066_40_4.png,4
4/S066_41_4.png,4
4/S067_42_4.png,4
4/S067_43_4.png,4
4/S067_44_4.png,4
4/S067_45_4.png,4
4/S071_46_4.png,4
4/S073_47_4.png,4
4/S074_48_4.png,4
4/S075_49_4.png,4
4/S077_50_4.png,4
4/S078_51_4.png,4
4/S080_52_4.png,4
4/S082_53_4.png,4
4/S082_54_4.png,4
4/S082_55_4.png,4
4/S084_56_4.png,4
4/S084_57_4.png,4
4/S084_58_4.png,4
4/S088_59_4.png,4
4/S088_60_4.png,4
4/S088_61_4.png,4
4/S091_62_4.png,4
4/S091_63_4.png,4
4/S091_64_4.png,4
4/S093_65_4.png,4
4/S093_66_4.png,4
4/S093_67_4.png,4
4/S095_68_4.png,4
4/S095_69_4.png,4
4/S095_70_4.png,4
4/S097_71_4.png,4
4/S097_72_4.png,4
4/S100_73_4.png,4
4/S100_74_4.png,4
4/S100_75_4.png,4
4/S101_76_4.png,4
4/S101_77_4.png,4
4/S101_78_4.png,4
4/S102_79_4.png,4
4/S102_80_4.png,4
4/S102_81_4.png,4
4/S103_82_4.png,4
4/S107_83_4.png,4
4/S107_84_4.png,4
4/S107_85_4.png,4
4/S110_86_4.png,4
4/S110_87_4.png,4
4/S110_88_4.png,4
4/S112_89_4.png,4
4/S112_90_4.png,4
4/S112_91_4.png,4
4/S113_92_4.png,4
4/S113_93_4.png,4
4/S113_94_4.png,4
4/S115_95_4.png,4
4/S115_96_4.png,4
4/S115_97_4.png,4
4/S117_100_4.png,4
4/S117_98_4.png,4
4/S117_99_4.png,4
4/S118_101_4.png,4
4/S118_102_4.png,4
4/S118_103_4.png,4
4/S119_104_4.png,4
4/S119_105_4.png,4
4/S119_106_4.png,4
4/S122_107_4.png,4
4/S122_108_4.png,4
4/S124_109_4.png,4
4/S124_110_4.png,4
4/S124_111_4.png,4
4/S130_112_4.png,4
4/S130_113_4.png,4
4/S130_114_4.png,4
4/S132_115_4.png,4
4/S132_116_4.png,4
4/S132_117_4.png,4
4/S136_118_4.png,4
4/S136_119_4.png,4
4/S138_120_4.png,4
4/S138_121_4.png,4
4/S138_122_4.png,4
5/S010_1_5.png,5
5/S010_2_5.png,5
5/S010_3_5.png,5
5/S011_4_5.png,5
5/S011_5_5.png,5
5/S011_6_5.png,5
5/S022_7_5.png,5
5/S022_8_5.png,5
5/S022_9_5.png,5
5/S026_10_5.png,5
5/S026_11_5.png,5
5/S026_12_5.png,5
5/S032_13_5.png,5
5/S032_14_5.png,5
5/S032_15_5.png,5
5/S034_16_5.png,5
5/S034_17_5.png,5
5/S034_18_5.png,5
5/S035_19_5.png,5
5/S035_20_5.png,5
5/S035_21_5.png,5
5/S037_22_5.png,5
5/S037_23_5.png,5
5/S037_24_5.png,5
5/S042_25_5.png,5
5/S042_26_5.png,5
5/S042_27_5.png,5
5/S044_28_5.png,5
5/S044_29_5.png,5
5/S044_30_5.png,5
5/S046_31_5.png,5
5/S046_32_5.png,5
5/S046_33_5.png,5
5/S050_34_5.png,5
5/S050_35_5.png,5
5/S050_36_5.png,5
5/S050_37_5.png,5
5/S052_38_5.png,5
5/S052_39_5.png,5
5/S052_40_5.png,5
5/S053_41_5.png,5
5/S053_42_5.png,5
5/S053_43_5.png,5
5/S055_44_5.png,5
5/S055_45_5.png,5
5/S055_46_5.png,5
5/S057_47_5.png,5
5/S057_48_5.png,5
5/S057_49_5.png,5
5/S058_50_5.png,5
5/S058_51_5.png,5
5/S058_52_5.png,5
5/S059_53_5.png,5
5/S059_54_5.png,5
5/S059_55_5.png,5
5/S061_56_5.png,5
5/S061_57_5.png,5
5/S061_58_5.png,5
5/S062_59_5.png,5
5/S062_60_5.png,5
5/S062_61_5.png,5
5/S063_62_5.png,5
5/S063_63_5.png,5
5/S063_64_5.png,5
5/S064_65_5.png,5
5/S064_66_5.png,5
5/S064_67_5.png,5
5/S065_68_5.png,5
5/S065_69_5.png,5
5/S065_70_5.png,5
5/S066_71_5.png,5
5/S066_72_5.png,5
5/S066_73_5.png,5
5/S067_74_5.png,5
5/S067_75_5.png,5
5/S067_76_5.png,5
5/S069_77_5.png,5
5/S069_78_5.png,5
5/S071_79_5.png,5
5/S072_80_5.png,5
5/S073_81_5.png,5
5/S074_82_5.png,5
5/S075_83_5.png,5
5/S076_84_5.png,5
5/S077_85_5.png,5
5/S078_86_5.png,5
5/S079_87_5.png,5
5/S080_88_5.png,5
5/S081_89_5.png,5
5/S082_90_5.png,5
5/S082_91_5.png,5
5/S082_92_5.png,5
5/S084_93_5.png,5
5/S084_94_5.png,5
5/S084_95_5.png,5
5/S086_96_5.png,5
5/S086_97_5.png,5
5/S086_98_5.png,5
5/S087_99_5.png,5
5/S088_100_5.png,5
5/S088_101_5.png,5
5/S089_102_5.png,5
5/S089_103_5.png,5
5/S089_104_5.png,5
5/S092_105_5.png,5
5/S092_106_5.png,5
5/S094_107_5.png,5
5/S095_108_5.png,5
5/S096_109_5.png,5
5/S097_110_5.png,5
5/S097_111_5.png,5
5/S099_112_5.png,5
5/S099_113_5.png,5
5/S100_114_5.png,5
5/S100_115_5.png,5
5/S101_116_5.png,5
5/S101_117_5.png,5
5/S102_118_5.png,5
5/S102_119_5.png,5
5/S102_120_5.png,5
5/S102_121_5.png,5
5/S103_122_5.png,5
5/S103_123_5.png,5
5/S106_124_5.png,5
5/S106_125_5.png,5
5/S107_126_5.png,5
5/S107_127_5.png,5
5/S108_128_5.png,5
5/S108_129_5.png,5
5/S110_130_5.png,5
5/S110_131_5.png,5
5/S111_132_5.png,5
5/S111_133_5.png,5
5/S113_134_5.png,5
5/S113_135_5.png,5
5/S114_136_5.png,5
5/S114_137_5.png,5
5/S115_138_5.png,5
5/S116_139_5.png,5
5/S116_140_5.png,5
5/S117_141_5.png,5
5/S117_142_5.png,5
5/S119_143_5.png,5
5/S122_144_5.png,5
5/S122_145_5.png,5
5/S124_146_5.png,5
5/S127_147_5.png,5
5/S127_148_5.png,5
5/S130_149_5.png,5
5/S131_150_5.png,5
5/S135_151_5.png,5
5/S135_152_5.png,5
5/S136_153_5.png,5
5/S136_154_5.png,5
5/S137_155_5.png,5
5/S137_156_5.png,5
5/S138_157_5.png,5
5/S138_158_5.png,5
6/S010_1_6.png,6
6/S010_2_6.png,6
6/S010_3_6.png,6
6/S011_4_6.png,6
6/S011_5_6.png,6
6/S011_6_6.png,6
6/S014_7_6.png,6
6/S014_8_6.png,6
6/S014_9_6.png,6
6/S026_10_6.png,6
6/S026_11_6.png,6
6/S026_12_6.png,6
6/S032_13_6.png,6
6/S032_14_6.png,6
6/S032_15_6.png,6
6/S032_16_6.png,6
6/S032_17_6.png,6
6/S032_18_6.png,6
6/S034_19_6.png,6
6/S034_20_6.png,6
6/S034_21_6.png,6
6/S035_22_6.png,6
6/S035_23_6.png,6
6/S035_24_6.png,6
6/S045_25_6.png,6
6/S045_26_6.png,6
6/S045_27_6.png,6
6/S046_28_6.png,6
6/S046_29_6.png,6
6/S046_30_6.png,6
6/S050_31_6.png,6
6/S050_32_6.png,6
6/S050_33_6.png,6
6/S055_34_6.png,6
6/S055_35_6.png,6
6/S055_36_6.png,6
6/S055_37_6.png,6
6/S056_38_6.png,6
6/S056_39_6.png,6
6/S056_40_6.png,6
6/S057_41_6.png,6
6/S057_42_6.png,6
6/S057_43_6.png,6
6/S059_44_6.png,6
6/S059_45_6.png,6
6/S059_46_6.png,6
6/S069_47_6.png,6
6/S069_48_6.png,6
6/S069_49_6.png,6
6/S073_50_6.png,6
6/S074_51_6.png,6
6/S075_52_6.png,6
6/S076_53_6.png,6
6/S077_54_6.png,6
6/S079_55_6.png,6
6/S082_56_6.png,6
6/S082_57_6.png,6
6/S082_58_6.png,6
6/S087_59_6.png,6
6/S087_60_6.png,6
6/S087_61_6.png,6
6/S088_62_6.png,6
6/S088_63_6.png,6
6/S088_64_6.png,6
6/S095_65_6.png,6
6/S095_66_6.png,6
6/S095_67_6.png,6
6/S096_68_6.png,6
6/S096_69_6.png,6
6/S097_70_6.png,6
6/S097_71_6.png,6
6/S097_72_6.png,6
6/S098_73_6.png,6
6/S098_74_6.png,6
6/S098_75_6.png,6
6/S101_76_6.png,6
6/S101_77_6.png,6
6/S101_78_6.png,6
6/S102_79_6.png,6
6/S102_80_6.png,6
6/S105_81_6.png,6
6/S105_82_6.png,6
6/S105_83_6.png,6
6/S105_84_6.png,6
6/S106_85_6.png,6
6/S106_86_6.png,6
6/S107_87_6.png,6
6/S107_88_6.png,6
6/S107_89_6.png,6
6/S108_90_6.png,6
6/S108_91_6.png,6
6/S108_92_6.png,6
6/S109_93_6.png,6
6/S109_94_6.png,6
6/S109_95_6.png,6
6/S111_96_6.png,6
6/S111_97_6.png,6
6/S111_98_6.png,6
6/S116_100_6.png,6
6/S116_101_6.png,6
6/S116_99_6.png,6
6/S118_102_6.png,6
6/S118_103_6.png,6
6/S118_104_6.png,6
6/S124_105_6.png,6
6/S124_106_6.png,6
6/S124_107_6.png,6
6/S132_108_6.png,6
6/S132_109_6.png,6
6/S132_110_6.png,6
